name,price,rating,source
A Light in the Attic,Â£51.77,Three,books
Tipping the Velvet,Â£53.74,One,books
Soumission,Â£50.10,One,books
Sharp Objects,Â£47.82,Four,books
Sapiens: A Brief History of Humankind,Â£54.23,Five,books
The Requiem Red,Â£22.65,One,books
The Dirty Little Secrets of Getting Your Dream Job,Â£33.34,Four,books
"The Coming Woman: A Novel Based on the Life of the Infamous Feminist, Victoria Woodhull",Â£17.93,Three,books
The Boys in the Boat: Nine Americans and Their Epic Quest for Gold at the 1936 Berlin Olympics,Â£22.60,Four,books
The Black Maria,Â£52.15,One,books
"Starving Hearts (Triangular Trade Trilogy, #1)",Â£13.99,Two,books
Shakespeare's Sonnets,Â£20.66,Four,books
Set Me Free,Â£17.46,Five,books
Scott Pilgrim's Precious Little Life (Scott Pilgrim #1),Â£52.29,Five,books
Rip it Up and Start Again,Â£35.02,Five,books
"Our Band Could Be Your Life: Scenes from the American Indie Underground, 1981-1991",Â£57.25,Three,books
Olio,Â£23.88,One,books
Mesaerion: The Best Science Fiction Stories 1800-1849,Â£37.59,One,books
Libertarianism for Beginners,Â£51.33,Two,books
It's Only the Himalayas,Â£45.17,Two,books
In Her Wake,Â£12.84,One,books
How Music Works,Â£37.32,Two,books
"Foolproof Preserving: A Guide to Small Batch Jams, Jellies, Pickles, Condiments, and More: A Foolproof Guide to Making Small Batch Jams, Jellies, Pickles, Condiments, and More",Â£30.52,Three,books
Chase Me (Paris Nights #2),Â£25.27,Five,books
Black Dust,Â£34.53,Five,books
Birdsong: A Story in Pictures,Â£54.64,Three,books
America's Cradle of Quarterbacks: Western Pennsylvania's Football Factory from Johnny Unitas to Joe Montana,Â£22.50,Three,books
Aladdin and His Wonderful Lamp,Â£53.13,Three,books
Worlds Elsewhere: Journeys Around Shakespeareâs Globe,Â£40.30,Five,books
Wall and Piece,Â£44.18,Four,books
The Four Agreements: A Practical Guide to Personal Freedom,Â£17.66,Five,books
The Five Love Languages: How to Express Heartfelt Commitment to Your Mate,Â£31.05,Three,books
The Elephant Tree,Â£23.82,Five,books
The Bear and the Piano,Â£36.89,One,books
Sophie's World,Â£15.94,Five,books
Penny Maybe,Â£33.29,Three,books
Maude (1883-1993):She Grew Up with the country,Â£18.02,Two,books
"In a Dark, Dark Wood",Â£19.63,One,books
Behind Closed Doors,Â£52.22,Four,books
You can't bury them all: Poems,Â£33.63,Two,books
Slow States of Collapse: Poems,Â£57.31,Three,books
Reasons to Stay Alive,Â£26.41,Two,books
Private Paris (Private #10),Â£47.61,Five,books
#HigherSelfie: Wake Up Your Life. Free Your Soul. Find Your Tribe.,Â£23.11,Five,books
Without Borders (Wanderlove #1),Â£45.07,Two,books
When We Collided,Â£31.77,One,books
"We Love You, Charlie Freeman",Â£50.27,Five,books
Untitled Collection: Sabbath Poems 2014,Â£14.27,Four,books
"Unseen City: The Majesty of Pigeons, the Discreet Charm of Snails & Other Wonders of the Urban Wilderness",Â£44.18,Four,books
Unicorn Tracks,Â£18.78,Three,books
"Unbound: How Eight Technologies Made Us Human, Transformed Society, and Brought Our World to the Brink",Â£25.52,One,books
Tsubasa: WoRLD CHRoNiCLE 2 (Tsubasa WoRLD CHRoNiCLE #2),Â£16.28,One,books
Throwing Rocks at the Google Bus: How Growth Became the Enemy of Prosperity,Â£31.12,Three,books
This One Summer,Â£19.49,Four,books
Thirst,Â£17.27,Five,books
The Torch Is Passed: A Harding Family Story,Â£19.09,One,books
The Secret of Dreadwillow Carse,Â£56.13,One,books
"The Pioneer Woman Cooks: Dinnertime: Comfort Classics, Freezer Food, 16-Minute Meals, and Other Delicious Ways to Solve Supper!",Â£56.41,One,books
The Past Never Ends,Â£56.50,Four,books
The Natural History of Us (The Fine Art of Pretending #2),Â£45.22,Three,books
